id,article_id,source,first_property,middle_one,middle_two,second_property,destination,length,relevance_score,rarity_score,localPageRankMean,localHubMean,dbpediaPageRankMean,path_informativeness,path_pattern_informativeness,localPageViewMean
10147,130,Bernie_Sanders,R:birthPlace,New_York,,L:region,Hillary_Clinton,2,0.0497698419385,368800,0.0392867896361,0.0205462869578,566.422766667,0.533887874301,3.49650756147,38278
10148,130,Bernie_Sanders,R:otherParty,Democratic_Party_(United_States),,L:party,Hillary_Clinton,2,0.0858939783993,20159,0.125748200303,0.0205462869578,325.1751,0.171140743946,2.3978952728,41910
10149,130,Bernie_Sanders,R:birthPlace,New_York,,L:birthPlace,Donald_Trump,2,0.0530986637058,680612,0.0246988947907,0.0195016585533,537.4155,0.698511229337,3.49650756147,58448.6666667
10150,130,Bernie_Sanders,R:otherParty,Democratic_Party_(United_States),,L:party,Donald_Trump,2,0.0923318892125,20159,0.111160305457,0.0195016585533,296.167833333,0.238082201481,2.3978952728,62080.6666667
10151,130,Bernie_Sanders,R:party,Independent_politician,,L:party,Donald_Trump,2,0.0907883732204,38796,0.0288134067061,0.0195016585533,125.7005,0.228524286069,2.80336038091,56669
10152,130,Bernie_Sanders,R:otherParty,,,,Democratic_Party_(United_States),1,0.0658302064749,1522,0.160549964373,0.0144863219231,429.46065,0.156529127022,3.49650756147,28779
10153,130,Bernie_Sanders,R:predecessor,Patty_Murray,,R:party,Democratic_Party_(United_States),2,0.0473550584226,26910.5,0.112984476287,0.017830632626,288.691226667,0.46093983756,2.3978952728,19330.3333333
10154,130,Bernie_Sanders,R:successor,Peter_Welch,,R:party,Democratic_Party_(United_States),2,0.063391731036,40761.5,0.112984476287,0.017830632626,287.241606667,0.484034367657,2.3978952728,19225.6666667
10155,130,Bernie_Sanders,R:associate,Patrick_Leahy,,R:party,Democratic_Party_(United_States),2,0.0493310087812,19672,0.112984476287,0.017830632626,291.907833333,0.60010020352,3.49650756147,19520
10156,130,Bernie_Sanders,L:successor,Patty_Murray,,R:party,Democratic_Party_(United_States),2,0.0473550584226,40761.5,0.112984476287,0.017830632626,288.691226667,0.384146277078,2.80336038091,19330.3333333
10157,130,Bernie_Sanders,L:predecessor,Peter_Welch,,R:party,Democratic_Party_(United_States),2,0.063391731036,26910.5,0.112984476287,0.017830632626,287.241606667,0.367650184151,2.3978952728,19225.6666667
10158,130,Bernie_Sanders,L:associate,Patrick_Leahy,,R:party,Democratic_Party_(United_States),2,0.0493310087812,19672,0.112984476287,0.017830632626,291.907833333,0.467050445551,3.49650756147,19520
10159,130,Bernie_Sanders,R:party,Independent_politician,,L:politicalPartyInLegislature,United_States_Senate,2,0.0604555685582,19624,0.0560511934942,0.0268934605115,331.280766667,0.364325278093,1.88706964903,15376
10160,130,Bernie_Sanders,R:otherParty,Democratic_Party_(United_States),,L:politicalPartyOfLeader,United_States_Senate,2,0.0571815841645,1105,0.138398092245,0.0268934605115,501.7481,0.181573787346,3.49650756147,20787.6666667
10161,130,Bernie_Sanders,R:otherParty,Democratic_Party_(United_States),,L:politicalPartyInLegislature,United_States_Senate,2,0.0571815841645,987,0.138398092245,0.0268934605115,501.7481,0.284504091708,2.80336038091,20787.6666667
10162,130,Hillary_Clinton,R:otherParty,Republican_Party_(United_States),,L:party,Donald_Trump,2,0.0770571771974,20159,0.0350744798731,0.0207328496137,321.9594,0.279366267408,2.3978952728,70667
10163,130,Hillary_Clinton,R:party,Democratic_Party_(United_States),,L:party,Donald_Trump,2,0.085137466915,38796,0.117714287167,0.0207328496137,330.291066667,0.252693818404,2.80336038091,71569.6666667
10164,130,Hillary_Clinton,R:region,New_York,,L:birthPlace,Donald_Trump,2,0.0522891591475,368800,0.0312528765007,0.0207328496137,571.538733333,0.567150313794,3.49650756147,67937.6666667
10165,130,Hillary_Clinton,R:party,,,,Democratic_Party_(United_States),1,0.0574261378026,38796,0.170380936938,0.0163331085137,480.6455,0.185752360869,2.80336038091,43012.5
10166,130,Hillary_Clinton,R:president,Barack_Obama,,R:party,Democratic_Party_(United_States),2,0.0563464413236,22302.5,0.119245549454,0.0185533404186,483.776333333,0.702743886572,3.49650756147,42163.3333333
10167,130,Hillary_Clinton,R:successor,Kirsten_Gillibrand,,R:party,Democratic_Party_(United_States),2,0.0828380343371,40761.5,0.119245549454,0.0196425682788,324.066166667,0.488574735411,2.3978952728,29159.6666667
10168,130,Hillary_Clinton,R:predecessor,Daniel_Patrick_Moynihan,,R:party,Democratic_Party_(United_States),2,0.0526667168007,26910.5,0.119245549454,0.0185533404186,323.957866667,0.515963451033,2.3978952728,28877.6666667
10169,130,Hillary_Clinton,R:spouse,Bill_Clinton,,R:party,Democratic_Party_(United_States),2,0.0780452776605,30145.5,0.119245549454,0.0196425682788,422.206666667,0.461332528889,3.49650756147,38239.3333333
10170,130,Hillary_Clinton,R:predecessor,Condoleezza_Rice,,R:party,Democratic_Party_(United_States),2,0.0398187777164,26910.5,0.119245549454,0.0196425682788,333.2926,0.465180276351,2.3978952728,29888.3333333
10171,130,Hillary_Clinton,R:deputy,James_Steinberg,,R:party,Democratic_Party_(United_States),2,0.0536387685877,19790.5,0.119245549454,0.0185533404186,320.995576667,0.702743886572,3.49650756147,28713.3333333
10172,130,Hillary_Clinton,R:child,Chelsea_Clinton,,R:party,Democratic_Party_(United_States),2,0.0814009727101,23228,0.119245549454,0.0196425682788,322.30328,0.65196071189,3.49650756147,33973.3333333
10173,130,Hillary_Clinton,R:successor,John_Kerry,,R:party,Democratic_Party_(United_States),2,0.0407162576994,40761.5,0.119245549454,0.0196425682788,356.019666667,0.488574735411,2.3978952728,30430
10174,130,Hillary_Clinton,L:predecessor,Kirsten_Gillibrand,,R:party,Democratic_Party_(United_States),2,0.0828380343371,26910.5,0.119245549454,0.0196425682788,324.066166667,0.367650184151,2.3978952728,29159.6666667
10175,130,Hillary_Clinton,L:spouse,Presidency_of_Bill_Clinton,,R:party,Democratic_Party_(United_States),2,0.0674695968718,30145.5,0.117714287167,0.0196425682788,330.380233333,0.384146277078,2.80336038091,28932
10176,130,Hillary_Clinton,L:spouse,Bill_Clinton,,R:party,Democratic_Party_(United_States),2,0.0780452776605,30145.5,0.119245549454,0.0196425682788,422.206666667,0.384146277078,2.80336038091,38239.3333333
10177,130,Hillary_Clinton,L:successor,Condoleezza_Rice,,R:party,Democratic_Party_(United_States),2,0.0424353720468,40761.5,0.119245549454,0.0196425682788,333.2926,0.334202231788,2.80336038091,29888.3333333
10178,130,Hillary_Clinton,L:predecessor,John_Kerry,,R:party,Democratic_Party_(United_States),2,0.0407162576994,26910.5,0.119245549454,0.0196425682788,356.019666667,0.367650184151,2.3978952728,30430
10179,130,Hillary_Clinton,L:parent,Chelsea_Clinton,,R:party,Democratic_Party_(United_States),2,0.0814009727101,26620,0.119245549454,0.0196425682788,322.30328,0.450697232511,3.49650756147,33973.3333333
10180,130,Hillary_Clinton,R:otherParty,Republican_Party_(United_States),,L:politicalPartyInLegislature,United_States_Senate,2,0.044453464199,987,0.0623122666612,0.0281246515719,527.539666667,0.449022709219,2.80336038091,29374
10181,130,Hillary_Clinton,R:party,Democratic_Party_(United_States),,L:politicalPartyOfLeader,United_States_Senate,2,0.0512784226719,19742,0.144952073955,0.0281246515719,535.871333333,0.196185404269,2.80336038091,30276.6666667
10182,130,Hillary_Clinton,R:party,Democratic_Party_(United_States),,L:politicalPartyInLegislature,United_States_Senate,2,0.0512784226719,19624,0.144952073955,0.0281246515719,535.871333333,0.299115708631,1.88706964903,30276.6666667
10183,130,Donald_Trump,R:party,,,,Democratic_Party_(United_States),1,0.0661470492896,38796,0.14849909467,0.0147661659069,437.1346,0.31963527594,2.80336038091,73268.5
10184,130,Donald_Trump,R:party,Independent_politician,,L:politicalPartyInLegislature,United_States_Senate,2,0.0625538553752,19624,0.0480172803588,0.0270800231674,336.396733333,0.423572315222,1.88706964903,45035.6666667
10185,130,Donald_Trump,R:party,Democratic_Party_(United_States),,L:politicalPartyInLegislature,United_States_Senate,2,0.0590947687642,19624,0.13036417911,0.0270800231674,506.864066667,0.366057166166,1.88706964903,50447.3333333
10186,130,Donald_Trump,R:party,Republican_Party_(United_States),,L:politicalPartyInLegislature,United_States_Senate,2,0.0500971871339,19624,0.0477243718158,0.0270800231674,498.5324,0.389716865434,1.88706964903,49544.6666667
10187,130,Donald_Trump,R:party,Democratic_Party_(United_States),,L:politicalPartyOfLeader,United_States_Senate,2,0.0590947687642,19742,0.13036417911,0.0270800231674,506.864066667,0.263126861805,2.80336038091,50447.3333333
10188,130,Democratic_Party_(United_States),L:politicalPartyInLegislature,,,,United_States_Senate,1,0.0103936233217,452,0.189355774852,0.0258538688442,745.505,0.412479056393,3.49650756147,11329
10189,130,Democratic_Party_(United_States),L:politicalPartyOfLeader,,,,United_States_Senate,1,0.0103936233217,688,0.189355774852,0.0258538688442,745.505,0.206618447669,3.49650756147,11329
10190,130,Democratic_Party_(United_States),L:party,Joe_Biden,,L:leader,United_States_Senate,2,0.019743522519,21229.5,0.136009953312,0.0249005139723,516.969266667,0.754497352698,3.49650756147,9844
10191,130,Democratic_Party_(United_States),L:party,Mark_E._Clayton,,R:occupation,United_States_Senate,2,0.015141217883,96429.5,0.13036417911,0.0285920316635,497.206559667,0.383014572029,2.3978952728,7555.33333333
10192,130,Democratic_Party_(United_States),L:party,William_Luther_Hill,,R:profession,United_States_Senate,2,0.00977182125347,22285.5,0.13036417911,0.0285920316635,497.096117667,0.383014572029,2.3978952728,7553.66666667
10193,130,Democratic_Party_(United_States),L:party,John_Martin_Hamley,,R:relation,United_States_Senate,2,0.00208108903169,21143.5,0.13036417911,0.0285920316635,497.070868333,0.382743078122,2.11021320035,7552.66666667
10194,130,Democratic_Party_(United_States),L:party,Presidency_of_Barack_Obama,,R:profession,United_States_Senate,2,0.0130884931217,22285.5,0.13036417911,0.0285920316635,509.699366667,0.383014572029,2.3978952728,7811
10195,130,Democratic_Party_(United_States),L:party,Sally_Smith_(politician),,R:occupation,United_States_Senate,2,0.00900793885898,96429.5,0.13036417911,0.0285920316635,497.097784333,0.383014572029,2.3978952728,7553.33333333
10196,130,Democratic_Party_(United_States),L:politicalPartyInLegislature,Kansas_Legislature,,R:house,United_States_Senate,2,0.00687833953019,340.5,0.13036417911,0.0285920316635,499.363176667,0.429067641164,2.80336038091,7568.66666667
10197,130,Democratic_Party_(United_States),L:party,"Frank_Voelker,_Sr.",,R:relation,United_States_Senate,2,0.00853536418085,21143.5,0.13036417911,0.0285920316635,497.093879333,0.382743078122,2.11021320035,7552.66666667
10198,130,Democratic_Party_(United_States),L:party,Claiborne_Pell,,R:profession,United_States_Senate,2,0.00934561242958,22285.5,0.13036417911,0.0285920316635,498.692083333,0.383014572029,2.3978952728,7581
10199,130,Democratic_Party_(United_States),L:party,Francis_Xavier_Ransdell,,R:relation,United_States_Senate,2,0.0088978099359,21143.5,0.13036417911,0.0285920316635,497.097927333,0.382743078122,2.11021320035,7552.66666667
10200,130,Democratic_Party_(United_States),L:party,Pete_Ashdown,,R:knownFor,United_States_Senate,2,0.0253847585435,31057.5,0.13036417911,0.0285920316635,497.134760667,0.403256555228,3.49650756147,7556.66666667
10201,130,Democratic_Party_(United_States),L:party,LaDonna_Harris,,R:spouse,United_States_Senate,2,0.0109137350129,30145.5,0.13036417911,0.0285920316635,497.43156,0.32421342273,2.80336038091,7567.66666667
10202,130,Democratic_Party_(United_States),L:party,Emily_Taft_Douglas,,R:spouse,United_States_Senate,2,0.0116086216862,30145.5,0.13036417911,0.0285920316635,497.181579,0.32421342273,2.80336038091,7555.33333333
10203,130,Democratic_Party_(United_States),L:party,"George_Arceneaux,_Jr.",,R:occupation,United_States_Senate,2,0.00970762832863,96429.5,0.13036417911,0.0285920316635,497.169850333,0.383014572029,2.3978952728,7552.66666667
10204,130,Democratic_Party_(United_States),L:party,"Frank_Voelker,_Jr.",,R:relation,United_States_Senate,2,0.00947662148113,21143.5,0.13036417911,0.0285920316635,497.126893,0.382743078122,2.11021320035,7552.66666667
10205,130,Democratic_Party_(United_States),L:politicalPartyInLegislature,United_States_Congress,,R:house,United_States_Senate,2,0.0229849647303,340.5,0.13036417911,0.036256633073,715.357666667,0.312598716889,2.80336038091,8959.33333333
10206,130,Democratic_Party_(United_States),L:politicalPartyOfLeader,United_States_Congress,,R:house,United_States_Senate,2,0.0229849647303,458.5,0.13036417911,0.036256633073,715.357666667,0.342798788179,3.49650756147,8959.33333333
11219,133,Matteo_Renzi,R:birthPlace,,,,Italy,1,0.086450281655,680612,0.269461151724,0.014239333888,1242.756745,0.226363945176,3.4657359028,5266
11220,133,Matteo_Renzi,L:leader,,,,Italy,1,0.086450281655,3663,0.269461151724,0.014239333888,1242.756745,0.859588051378,3.4657359028,5266
11221,133,Matteo_Renzi,R:deputy,Lorenzo_Guerini,,R:birthPlace,Italy,2,0.090719452332,340698.5,0.188020617533,0.0158178573056,828.602156667,0.776194707913,3.4657359028,3514
11222,133,Matteo_Renzi,R:president,Sergio_Mattarella,,R:birthPlace,Italy,2,0.0782359732045,343210.5,0.232330209073,0.0176598492178,829.887513333,0.439691189279,3.4657359028,3656
11223,133,Matteo_Renzi,R:predecessor,Leonardo_Domenici,,R:birthPlace,Italy,2,0.0874008149835,347818.5,0.188020617533,0.0239848172648,828.599956333,0.552210274357,3.4657359028,3512
11224,133,Matteo_Renzi,R:almaMater,University_of_Florence,,R:country,Italy,2,0.0771953929425,341962,0.188020617533,0.0158178573056,831.468566667,0.761810142276,3.4657359028,3540
11225,133,Matteo_Renzi,R:birthPlace,Florence,,R:country,Italy,2,0.055780397877,657519,0.188020617533,0.0158178573056,924.451496667,0.485272435299,2.77258872224,4374.33333333
11226,133,Matteo_Renzi,R:predecessor,Province_of_Florence,,R:country,Italy,2,0.0732213107133,324725.5,0.195326496487,0.0158178573056,831.753493333,0.486406113463,3.4657359028,3530.33333333
11227,133,Matteo_Renzi,R:successor,Province_of_Florence,,R:country,Italy,2,0.0732213107133,338576.5,0.195326496487,0.0158178573056,831.753493333,0.486406113463,3.4657359028,3530.33333333
11228,133,Matteo_Renzi,R:birthPlace,Tuscany,,R:country,Italy,2,0.0543582548846,657519,0.188020617533,0.0158178573056,871.650496667,0.485272435299,2.77258872224,4036
11229,133,Matteo_Renzi,R:successor,Dario_Nardella,,R:nationality,Italy,2,0.0803544388116,70033.5,0.188020617533,0.0176598492178,828.769305333,0.654105540728,3.4657359028,3516
11230,133,Matteo_Renzi,R:predecessor,Leonardo_Domenici,,R:nationality,Italy,2,0.0874008149835,56182.5,0.188020617533,0.0239848172648,828.599956333,0.586686870031,3.4657359028,3512
11231,133,Matteo_Renzi,R:president,Sergio_Mattarella,,L:leader,Italy,2,0.0782359732045,4736,0.232330209073,0.0176598492178,829.887513333,0.894629750123,3.4657359028,3656
11232,133,Matteo_Renzi,L:primeMinister,Sergio_Mattarella,,L:leader,Italy,2,0.0782359732045,3680.5,0.232330209073,0.0176598492178,829.887513333,0.860765062613,3.4657359028,3656
11233,133,Matteo_Renzi,L:primeMinister,Federica_Mogherini,,R:birthPlace,Italy,2,0.0873308458757,342155,0.18071473858,0.0176598492178,830.57805,0.405826501769,1.38629436112,3622
11234,133,Matteo_Renzi,L:primeMinister,Sergio_Mattarella,,R:birthPlace,Italy,2,0.0782359732045,342155,0.232330209073,0.0176598492178,829.887513333,0.405826501769,1.38629436112,3656
11235,133,Matteo_Renzi,L:primeMinister,Lapo_Pistelli,,R:birthPlace,Italy,2,0.0754749854992,342155,0.18071473858,0.0176598492178,828.641374333,0.405826501769,1.38629436112,3512.33333333
11236,133,Matteo_Renzi,L:successor,Leonardo_Domenici,,R:birthPlace,Italy,2,0.0874008149835,361669.5,0.188020617533,0.0239848172648,828.599956333,0.262316868453,3.4657359028,3512
11237,133,Matteo_Renzi,L:primeMinister,Dario_Franceschini,,R:birthPlace,Italy,2,0.0905513777086,342155,0.18071473858,0.0176598492178,828.957703333,0.405826501769,1.38629436112,3520.66666667
11238,133,Matteo_Renzi,L:primeMinister,Roberta_Pinotti,,R:birthPlace,Italy,2,0.0837310176431,342155,0.18071473858,0.0176598492178,828.764198667,0.405826501769,1.38629436112,3530.66666667
11239,133,Matteo_Renzi,L:primeMinister,Paolo_Gentiloni,,R:birthPlace,Italy,2,0.0813510497852,342155,0.18071473858,0.0176598492178,828.808107333,0.405826501769,1.38629436112,3526
11240,133,Matteo_Renzi,L:primeMinister,Angelino_Alfano,,R:birthPlace,Italy,2,0.0774462885055,342155,0.18071473858,0.0176598492178,829.236176667,0.405826501769,1.38629436112,3528.33333333
11241,133,Matteo_Renzi,L:firstLeader,"European_Parliament_election,_2014_(Italy)",,R:country,Italy,2,0.0503257899129,317631,0.18071473858,0.0176598492178,829.33468,0.391634797104,2.07944154168,3528.33333333
11242,133,Matteo_Renzi,L:firstLeader,"Italian_local_elections,_2014",,R:country,Italy,2,0.0746864447082,317631,0.18071473858,0.0176598492178,828.570904667,0.391634797104,2.07944154168,3512.33333333
11243,133,Matteo_Renzi,L:tenant,Palazzo_Chigi,,R:country,Italy,2,0.0503137833392,320179.5,0.18071473858,0.0176598492178,829.86183,0.414564259898,3.4657359028,3537.33333333
11244,133,Matteo_Renzi,L:predecessor,Dario_Nardella,,R:nationality,Italy,2,0.0803544388116,56182.5,0.188020617533,0.0176598492178,828.769305333,0.424293669726,3.4657359028,3516
11245,133,Matteo_Renzi,L:successor,Leonardo_Domenici,,R:nationality,Italy,2,0.0874008149835,70033.5,0.188020617533,0.0239848172648,828.599956333,0.296793464128,3.4657359028,3512
11246,133,Matteo_Renzi,L:primeMinister,Andrea_Orlando,,R:birthPlace,Italy,2,0.0826936060258,342155,0.18071473858,0.0176598492178,828.716802,0.405826501769,1.38629436112,3515.66666667
11247,133,Matteo_Renzi,L:firstLeader,"Italian_local_elections,_2015",,R:country,Italy,2,0.0746094002697,317631,0.18071473858,0.0176598492178,828.554749667,0.391634797104,2.07944154168,3515
11248,133,Matteo_Renzi,L:firstLeader,Next_Italian_general_election,,R:country,Italy,2,0.070939060287,317631,0.18071473858,0.0176598492178,828.740459667,0.391634797104,2.07944154168,3612.66666667
11249,133,Europe,L:countryOrigin,Vega_(rocket),,R:countryOrigin,Italy,2,0.0400860378715,147,0.106653395088,0.0107597635494,1397.09263667,0.845622755305,3.4657359028,6152
11250,133,Europe,L:location,Mont_Blanc_Tunnel,,R:routeEndLocation,Italy,2,0.0286641294468,83493,0.106653395088,0.0107597635494,1396.33953,0.52317724185,3.4657359028,6184.66666667
11251,133,Europe,L:broadcastArea,Mediaset_Italia,,R:country,Italy,2,0.0491317701448,320341.5,0.106653395088,0.0170847315964,1395.22916967,0.286043008218,2.07944154168,6093.33333333
11252,133,Europe,L:hometown,MullMuzzler,,R:hometown,Italy,2,0.0409921150872,50454,0.106653395088,0.0107597635494,1395.51176,0.845622755305,3.4657359028,6105.33333333
11253,133,Europe,L:broadcastArea,Mediaset_Italia,,R:locationCountry,Italy,2,0.0491317701448,10454,0.106653395088,0.0170847315964,1395.22916967,0.298993794437,2.07944154168,6093.33333333
11254,133,Europe,L:broadcastArea,TV2000,,R:country,Italy,2,0.0548249956419,320341.5,0.106653395088,0.0170847315964,1395.46411667,0.286043008218,2.07944154168,6096
11255,133,Europe,L:broadcastArea,Telepace,,R:country,Italy,2,0.0547132613256,320341.5,0.106653395088,0.0170847315964,1395.28435267,0.286043008218,2.07944154168,6094
11256,133,Europe,L:regionServed,Foundation_for_subsidiarity,,R:locationCountry,Italy,2,0.0503271045144,10465.5,0.106653395088,0.0107597635494,1395.28512467,0.428794885633,2.77258872224,6093.33333333
11257,133,Europe,L:broadcastArea,TV2000,,R:locationCountry,Italy,2,0.0548249956419,10454,0.106653395088,0.0170847315964,1395.46411667,0.298993794437,2.07944154168,6096
11258,133,Europe,L:broadcastArea,Telepace,,R:locationCountry,Italy,2,0.0547132613256,10454,0.106653395088,0.0170847315964,1395.28435267,0.298993794437,2.07944154168,6094
11259,133,Europe,L:country,AXN_Sci_Fi,,R:broadcastArea,Italy,2,0.0465350968635,320341.5,0.106653395088,0.0132188885805,1395.469747,0.2039874472,3.4657359028,6096.33333333
11260,133,Europe,L:locationCountry,AXN_Sci_Fi,,R:broadcastArea,Italy,2,0.0465350968635,10454,0.106653395088,0.0132188885805,1395.469747,0.216057704474,3.4657359028,6096.33333333
11261,133,Europe,L:region,Lucilio_Vanini,,R:birthPlace,Italy,2,0.0360519081227,368800,0.106653395088,0.0107597635494,1395.44367367,0.423698871843,3.4657359028,6100.66666667
11262,133,Europe,L:regionServed,Olivetti,,R:foundationPlace,Italy,2,0.0502220623718,6678.5,0.106653395088,0.0170847315964,1397.82911,0.360118536198,3.4657359028,6165.66666667
11263,133,Europe,L:regionServed,Olivetti,,R:locationCountry,Italy,2,0.0502220623718,10465.5,0.106653395088,0.0170847315964,1397.82911,0.316627046088,2.77258872224,6165.66666667
11264,133,Europe,L:populationPlace,Swiss_people,,R:populationPlace,Italy,2,0.0412260596305,3312,0.106653395088,0.0107597635494,1403.8436,0.845622755305,3.4657359028,6199.33333333
11265,133,Europe,L:broadcastArea,Video_Italia,,R:broadcastArea,Italy,2,0.0514631146536,6257,0.106653395088,0.0234096996434,1395.22195,0.374875962369,3.4657359028,6094
11266,133,Europe,L:broadcastArea,Video_Italia,,R:country,Italy,2,0.0514631146536,320341.5,0.106653395088,0.0234096996434,1395.22195,0.318686666015,2.07944154168,6094
11267,133,Europe,L:broadcastArea,Video_Italia,,R:locationCountry,Italy,2,0.0514631146536,10454,0.106653395088,0.0234096996434,1395.22195,0.324157828429,2.07944154168,6094
11268,133,Europe,L:country,National_Observatory_of_Outsider_Art,,R:state,Italy,2,0.0444886666855,330970.5,0.106653395088,0.0107597635494,1395.23009133,0.346636158632,2.77258872224,6092.66666667
11269,133,Europe,L:country,"Academy_of_Fine_Arts,_Verona",,R:state,Italy,2,0.0294615064906,330970.5,0.106653395088,0.0107597635494,1395.87737667,0.346636158632,2.77258872224,6094.66666667
12611,139,Bernie_Sanders,R:birthPlace,New_York,,L:region,Hillary_Clinton,2,0.08423887438,368800,0.0209424827808,0.0128872554122,566.422766667,0.297039402145,3.91202300543,16121.6666667
12612,139,Bernie_Sanders,R:otherParty,Democratic_Party_(United_States),,L:party,Hillary_Clinton,2,0.117268272606,20159,0.0910880922623,0.0128872554122,325.1751,0.200265033731,2.81341071676,15750.6666667
12613,139,Bernie_Sanders,R:birthPlace,New_York,,L:birthPlace,Donald_Trump,2,0.102846102254,680612,0.0129105033697,0.0125659594526,537.4155,0.354007811535,3.91202300543,32127.3333333
12614,139,Bernie_Sanders,R:otherParty,Democratic_Party_(United_States),,L:party,Donald_Trump,2,0.148468173864,20159,0.0830561128511,0.0125659594526,296.167833333,0.269005816657,2.81341071676,31756.3333333
12615,139,Bernie_Sanders,R:party,Independent_politician,,L:party,Donald_Trump,2,0.13537691011,38796,0.0155058439563,0.0125659594526,125.7005,0.226271743798,3.21887582487,29885.6666667
12616,139,Bernie_Sanders,R:otherParty,,,,Democratic_Party_(United_States),1,0.0724471464641,1522,0.121093096191,0.0114169851165,429.46065,0.199217774608,3.91202300543,10848.5
12617,139,Bernie_Sanders,R:predecessor,Patty_Murray,,R:party,Democratic_Party_(United_States),2,0.0530024606078,26910.5,0.0836883881577,0.0121289980107,288.691226667,0.538281574605,2.81341071676,7340.66666667
12618,139,Bernie_Sanders,R:successor,Peter_Welch,,R:party,Democratic_Party_(United_States),2,0.0706196750104,40761.5,0.0836883881577,0.0145531404234,287.241606667,0.503814305795,2.81341071676,7266
12619,139,Bernie_Sanders,R:associate,Patrick_Leahy,,R:party,Democratic_Party_(United_States),2,0.0642775667952,19672,0.0836883881577,0.0145531404234,291.907833333,0.636347987661,3.91202300543,7475.33333333
12620,139,Bernie_Sanders,L:successor,Patty_Murray,,R:party,Democratic_Party_(United_States),2,0.0530024606078,40761.5,0.0836883881577,0.0121289980107,288.691226667,0.483261464949,3.21887582487,7340.66666667
12621,139,Bernie_Sanders,L:predecessor,Peter_Welch,,R:party,Democratic_Party_(United_States),2,0.0706196750104,26910.5,0.0836883881577,0.0145531404234,287.241606667,0.314795558566,2.81341071676,7266
12622,139,Bernie_Sanders,L:associate,Patrick_Leahy,,R:party,Democratic_Party_(United_States),2,0.0642775667952,19672,0.0836883881577,0.0145531404234,291.907833333,0.394138815034,3.91202300543,7475.33333333
12623,139,Bernie_Sanders,R:party,Independent_politician,,L:politicalPartyInLegislature,United_States_Senate,2,0.0631877819935,19624,0.0319134537958,0.016682984875,331.280766667,0.415672711405,2.30258509299,6713.66666667
12624,139,Bernie_Sanders,R:otherParty,Democratic_Party_(United_States),,L:politicalPartyOfLeader,United_States_Senate,2,0.0642771387827,1105,0.0994637226906,0.016682984875,501.7481,0.207783510267,3.91202300543,8584.33333333
12625,139,Bernie_Sanders,R:otherParty,Democratic_Party_(United_States),,L:politicalPartyInLegislature,United_States_Senate,2,0.0642771387827,987,0.0994637226906,0.016682984875,501.7481,0.334527059622,3.21887582487,8584.33333333
12626,139,Bernie_Sanders,R:region,,,,Vermont,1,0.067258283572,56988,0.0599019397707,0.0115163455149,130.41165,0.200919059778,3.91202300543,8730
12627,139,Bernie_Sanders,R:otherParty,Liberty_Union_Party,,R:headquarter,Vermont,2,0.0631562448019,5390.5,0.0428942838777,0.0101017060893,87.41353,1.05908593643,3.91202300543,5886
12628,139,Bernie_Sanders,R:predecessor,Jim_Jeffords,,R:birthPlace,Vermont,2,0.0651863355745,347818.5,0.0428942838777,0.0128177512256,88.89011,0.582692817435,3.91202300543,5875
12629,139,Bernie_Sanders,R:associate,Patrick_Leahy,,R:birthPlace,Vermont,2,0.0637871661577,340580,0.0428942838777,0.014619380689,92.5418333333,0.697944426223,3.91202300543,6063
12630,139,Bernie_Sanders,R:predecessor,Jim_Jeffords,,R:region,Vermont,2,0.0651863355745,36006.5,0.0428942838777,0.0128177512256,88.89011,0.566878775801,3.91202300543,5875
12631,139,Bernie_Sanders,R:successor,Peter_Welch,,R:region,Vermont,2,0.0680390366713,49857.5,0.0428942838777,0.014619380689,87.8756066667,0.549596702722,3.91202300543,5853.66666667
12632,139,Bernie_Sanders,L:successor,Jim_Jeffords,,R:birthPlace,Vermont,2,0.0651863355745,361669.5,0.0428942838777,0.0128177512256,88.89011,0.471065652913,3.91202300543,5875
12633,139,Bernie_Sanders,L:associate,Patrick_Leahy,,R:birthPlace,Vermont,2,0.0637871661577,340580,0.0428942838777,0.014619380689,92.5418333333,0.455735253595,3.91202300543,6063
12634,139,Bernie_Sanders,L:predecessor,Peter_Welch,,R:region,Vermont,2,0.0680390366713,36006.5,0.0428942838777,0.014619380689,87.8756066667,0.360577955494,3.91202300543,5853.66666667
12635,139,Bernie_Sanders,L:successor,Jim_Jeffords,,R:region,Vermont,2,0.0651863355745,49857.5,0.0428942838777,0.0128177512256,88.89011,0.45525161128,3.91202300543,5875
12636,139,Hillary_Clinton,R:otherParty,Republican_Party_(United_States),,L:party,Donald_Trump,2,0.146072526467,20159,0.0196869834931,0.0102305680428,321.9594,0.284578700633,2.81341071676,35342
12637,139,Hillary_Clinton,R:party,Democratic_Party_(United_States),,L:party,Donald_Trump,2,0.157274463684,38796,0.087092592594,0.0102305680428,330.291066667,0.27005307578,3.21887582487,35295.3333333
12638,139,Hillary_Clinton,R:region,New_York,,L:birthPlace,Donald_Trump,2,0.116546065158,368800,0.0169469831125,0.0102305680428,571.538733333,0.326056435878,3.91202300543,35666.3333333
12639,139,Hillary_Clinton,R:party,,,,Democratic_Party_(United_States),1,0.0946915689467,38796,0.127147815805,0.00791389800183,480.6455,0.201312292855,3.21887582487,16157
12640,139,Hillary_Clinton,R:president,Barack_Obama,,R:party,Democratic_Party_(United_States),2,0.101103478999,22302.5,0.0878695276945,0.00950170387742,483.776333333,0.773869876555,3.91202300543,19773
12641,139,Hillary_Clinton,R:successor,Kirsten_Gillibrand,,R:party,Democratic_Party_(United_States),2,0.0975027528784,40761.5,0.0878695276945,0.00984135785497,324.066166667,0.539868519815,2.81341071676,11021
12642,139,Hillary_Clinton,R:predecessor,Daniel_Patrick_Moynihan,,R:party,Democratic_Party_(United_States),2,0.0866061668512,26910.5,0.0878695276945,0.00950170387742,323.957866667,0.571897960034,2.81341071676,10891.6666667
12643,139,Hillary_Clinton,R:spouse,Bill_Clinton,,R:party,Democratic_Party_(United_States),2,0.126934753799,30145.5,0.0878695276945,0.00984135785497,422.206666667,0.533009913186,3.91202300543,15226.3333333
12644,139,Hillary_Clinton,R:predecessor,Condoleezza_Rice,,R:party,Democratic_Party_(United_States),2,0.0666643525674,26910.5,0.0878695276945,0.00984135785497,333.2926,0.520342372839,2.81341071676,12212.6666667
12645,139,Hillary_Clinton,R:deputy,James_Steinberg,,R:party,Democratic_Party_(United_States),2,0.0890706694161,19790.5,0.0878695276945,0.00950170387742,320.995576667,0.773869876555,3.91202300543,10796
12646,139,Hillary_Clinton,R:child,Chelsea_Clinton,,R:party,Democratic_Party_(United_States),2,0.126528092133,23228,0.0878695276945,0.00984135785497,322.30328,0.722314289361,3.91202300543,12083.3333333
12647,139,Hillary_Clinton,R:successor,John_Kerry,,R:party,Democratic_Party_(United_States),2,0.0764641443108,40761.5,0.0878695276945,0.00984135785497,356.019666667,0.539868519815,2.81341071676,12147
12648,139,Hillary_Clinton,L:predecessor,Kirsten_Gillibrand,,R:party,Democratic_Party_(United_States),2,0.0975027528784,26910.5,0.0878695276945,0.00984135785497,324.066166667,0.412707162244,2.81341071676,11021
12649,139,Hillary_Clinton,L:spouse,Presidency_of_Bill_Clinton,,R:party,Democratic_Party_(United_States),2,0.109398090811,30145.5,0.087092592594,0.00984135785497,330.380233333,0.44315050301,3.21887582487,10883.3333333
12650,139,Hillary_Clinton,L:spouse,Bill_Clinton,,R:party,Democratic_Party_(United_States),2,0.126934753799,30145.5,0.0878695276945,0.00984135785497,422.206666667,0.44315050301,3.21887582487,15226.3333333
12651,139,Hillary_Clinton,L:successor,Condoleezza_Rice,,R:party,Democratic_Party_(United_States),2,0.0696993557167,40761.5,0.0878695276945,0.00984135785497,333.2926,0.370047355218,3.21887582487,12212.6666667
12652,139,Hillary_Clinton,L:predecessor,John_Kerry,,R:party,Democratic_Party_(United_States),2,0.0764641443108,26910.5,0.0878695276945,0.00984135785497,356.019666667,0.412707162244,2.81341071676,12147
12653,139,Hillary_Clinton,L:parent,Chelsea_Clinton,,R:party,Democratic_Party_(United_States),2,0.126528092133,26620,0.0878695276945,0.00984135785497,322.30328,0.499739230282,3.91202300543,12083.3333333
12654,139,Hillary_Clinton,R:otherParty,Republican_Party_(United_States),,L:politicalPartyInLegislature,United_States_Senate,2,0.0791701954175,987,0.0360945933325,0.0143475934652,527.539666667,0.508350059704,3.21887582487,12170
12655,139,Hillary_Clinton,R:party,Democratic_Party_(United_States),,L:politicalPartyOfLeader,United_States_Senate,2,0.087194825921,19742,0.103500202433,0.0143475934652,535.871333333,0.20883076939,3.21887582487,12123.3333333
12656,139,Hillary_Clinton,R:party,Democratic_Party_(United_States),,L:politicalPartyInLegislature,United_States_Senate,2,0.087194825921,19624,0.103500202433,0.0143475934652,535.871333333,0.335574318745,2.30258509299,12123.3333333
12657,139,Hillary_Clinton,R:birthPlace,United_States,,L:country,Vermont,2,0.0788521314045,657519,0.0773257867982,0.00534217226684,3908.531,0.92314175436,3.91202300543,23816.6666667
12658,139,Donald_Trump,R:party,,,,Democratic_Party_(United_States),1,0.133009851347,38796,0.115099846688,0.00743195406237,437.1346,0.338793858706,3.21887582487,40165.5
12659,139,Donald_Trump,R:party,Independent_politician,,L:politicalPartyInLegislature,United_States_Senate,2,0.111964003233,19624,0.0279179541275,0.0140262975056,336.396733333,0.481549295042,2.30258509299,26258.3333333
12660,139,Donald_Trump,R:party,Democratic_Party_(United_States),,L:politicalPartyInLegislature,United_States_Senate,2,0.121434401583,19624,0.0954682230223,0.0140262975056,506.864066667,0.404315101671,2.30258509299,28129
12661,139,Donald_Trump,R:party,Republican_Party_(United_States),,L:politicalPartyInLegislature,United_States_Senate,2,0.1079524406,19624,0.0280626139214,0.0140262975056,498.5324,0.447178903579,2.30258509299,28175.6666667
12662,139,Donald_Trump,R:party,Democratic_Party_(United_States),,L:politicalPartyOfLeader,United_States_Senate,2,0.121434401583,19742,0.0954682230223,0.0140262975056,506.864066667,0.277571552316,3.21887582487,28129
12663,139,Democratic_Party_(United_States),L:politicalPartyInLegislature,,,,United_States_Senate,1,0.0198545749927,452,0.139711261448,0.013607492196,745.505,0.469836344636,3.91202300543,5407.5
12664,139,Democratic_Party_(United_States),L:politicalPartyOfLeader,,,,United_States_Senate,1,0.0198545749927,688,0.139711261448,0.013607492196,745.505,0.216349245926,3.91202300543,5407.5
12665,139,Democratic_Party_(United_States),L:party,Joe_Biden,,L:leader,United_States_Senate,2,0.0279638319712,21229.5,0.0988404987095,0.0132974333402,516.969266667,0.836190893097,3.91202300543,5470.33333333
12666,139,Democratic_Party_(United_States),L:party,Mark_E._Clayton,,R:occupation,United_States_Senate,2,0.0243095118334,96429.5,0.0954682230223,0.0143807776987,497.206559667,0.431367993724,2.81341071676,3607.33333333
12667,139,Democratic_Party_(United_States),L:party,William_Luther_Hill,,R:profession,United_States_Senate,2,0.0200614611624,22285.5,0.0954682230223,0.0143807776987,497.096117667,0.428862767581,2.81341071676,3605.66666667
12668,139,Democratic_Party_(United_States),L:party,John_Martin_Hamley,,R:relation,United_States_Senate,2,0.00516602094753,21143.5,0.0954682230223,0.0143807776987,497.070868333,0.431367993724,2.52572864431,3605
12669,139,Democratic_Party_(United_States),L:party,Presidency_of_Barack_Obama,,R:profession,United_States_Senate,2,0.0522816680999,22285.5,0.0954682230223,0.0143807776987,509.699366667,0.428862767581,2.81341071676,3829.33333333
12670,139,Democratic_Party_(United_States),L:party,Sally_Smith_(politician),,R:occupation,United_States_Senate,2,0.0186448435143,96429.5,0.0954682230223,0.0143807776987,497.097784333,0.431367993724,2.81341071676,3605.66666667
12671,139,Democratic_Party_(United_States),L:politicalPartyInLegislature,Kansas_Legislature,,R:house,United_States_Senate,2,0.0360797805545,340.5,0.0954682230223,0.0143807776987,499.363176667,0.485801060043,3.21887582487,3615
12672,139,Democratic_Party_(United_States),L:party,"Frank_Voelker,_Sr.",,R:relation,United_States_Senate,2,0.0174343823883,21143.5,0.0954682230223,0.0143807776987,497.093879333,0.431367993724,2.52572864431,3605
12673,139,Democratic_Party_(United_States),L:party,Claiborne_Pell,,R:profession,United_States_Senate,2,0.019515391127,22285.5,0.0954682230223,0.0143807776987,498.692083333,0.428862767581,2.81341071676,3628.33333333
12674,139,Democratic_Party_(United_States),L:party,Francis_Xavier_Ransdell,,R:relation,United_States_Senate,2,0.0185997800588,21143.5,0.0954682230223,0.0143807776987,497.097927333,0.431367993724,2.52572864431,3605
12675,139,Democratic_Party_(United_States),L:party,Pete_Ashdown,,R:knownFor,United_States_Senate,2,0.025270598105,31057.5,0.0954682230223,0.0143807776987,497.134760667,0.444095465512,3.91202300543,3607
12676,139,Democratic_Party_(United_States),L:party,LaDonna_Harris,,R:spouse,United_States_Senate,2,0.019740372886,30145.5,0.0954682230223,0.0143807776987,497.43156,0.368267661197,3.21887582487,3619.66666667
12677,139,Democratic_Party_(United_States),L:party,Emily_Taft_Douglas,,R:spouse,United_States_Senate,2,0.0359209276301,30145.5,0.0954682230223,0.0143807776987,497.181579,0.368267661197,3.21887582487,3606.33333333
12678,139,Democratic_Party_(United_States),L:party,"George_Arceneaux,_Jr.",,R:occupation,United_States_Senate,2,0.0179410088673,96429.5,0.0954682230223,0.0143807776987,497.169850333,0.431367993724,2.81341071676,3605.33333333
12679,139,Democratic_Party_(United_States),L:party,"Frank_Voelker,_Jr.",,R:relation,United_States_Senate,2,0.0181969746777,21143.5,0.0954682230223,0.0143807776987,497.126893,0.431367993724,2.52572864431,3605.33333333
12680,139,Democratic_Party_(United_States),L:politicalPartyInLegislature,United_States_Congress,,R:house,United_States_Senate,2,0.0159924259392,340.5,0.0954682230223,0.0186065495749,715.357666667,0.349407679447,3.21887582487,5037
12681,139,Democratic_Party_(United_States),L:politicalPartyOfLeader,United_States_Congress,,R:house,United_States_Senate,2,0.0159924259392,458.5,0.0954682230223,0.0186065495749,715.357666667,0.37970385333,3.91202300543,5037
12682,139,Democratic_Party_(United_States),L:party,George_W._Cate,,R:birthPlace,Vermont,2,0.0150423330518,359704,0.110344975914,0.00671615455453,363.918307,0.366469954821,1.20397280433,3094
12683,139,Democratic_Party_(United_States),L:otherParty,Bernie_Sanders,,R:region,Vermont,2,0.0667444372966,29255,0.114340475582,0.00767756367662,368.503433333,0.200068417193,3.91202300543,8073
12684,139,Democratic_Party_(United_States),L:party,William_Sorrell,,R:birthPlace,Vermont,2,0.0346520599636,359704,0.110344975914,0.00671615455453,363.921379333,0.366469954821,1.20397280433,3096.66666667
12685,139,Democratic_Party_(United_States),L:party,John_F._Campbell,,R:region,Vermont,2,0.034400634474,47892,0.110344975914,0.00671615455453,364.09266,0.369653078006,2.52572864431,3094
12686,139,Democratic_Party_(United_States),L:party,Origen_D._Richardson,,R:birthPlace,Vermont,2,0.0311764767061,359704,0.110344975914,0.00671615455453,363.943751333,0.366469954821,1.20397280433,3094
12687,139,Democratic_Party_(United_States),L:party,Peter_W._Galbraith,,R:residence,Vermont,2,0.0266974363452,33574,0.110344975914,0.00671615455453,364.114566667,0.403675300051,3.21887582487,3112.33333333
12688,139,Democratic_Party_(United_States),L:party,Peter_Shumlin,,R:birthPlace,Vermont,2,0.0410647921597,359704,0.110344975914,0.00671615455453,365.360423333,0.366469954821,1.20397280433,3137.33333333
12689,139,Democratic_Party_(United_States),L:party,Timothy_Dwight_Hobart,,R:birthPlace,Vermont,2,0.0345784644054,359704,0.110344975914,0.00671615455453,363.892419,0.366469954821,1.20397280433,3094
12690,139,Democratic_Party_(United_States),L:party,Azariah_C._Flagg,,R:birthPlace,Vermont,2,0.032604765071,359704,0.110344975914,0.00671615455453,364.032310667,0.366469954821,1.20397280433,3095.66666667
12691,139,Democratic_Party_(United_States),L:party,Jewett_W._Adams,,R:birthPlace,Vermont,2,0.0334243889451,359704,0.110344975914,0.00671615455453,363.945903667,0.366469954821,1.20397280433,3094.33333333
12692,139,Democratic_Party_(United_States),L:party,Peter_Welch,,R:region,Vermont,2,0.0410581399304,47892,0.110977251221,0.00700805727804,364.693173333,0.298650276977,2.52572864431,3127.33333333
12693,139,Democratic_Party_(United_States),L:party,Isaac_Fletcher,,R:deathPlace,Vermont,2,0.0327144061378,119444.5,0.110344975914,0.00671615455453,363.881354,0.386607060262,2.52572864431,3093.66666667
12694,139,Democratic_Party_(United_States),L:party,John_Smith_(Vermont),,R:deathPlace,Vermont,2,0.0336899186801,119444.5,0.110344975914,0.00671615455453,363.878431667,0.386607060262,2.52572864431,3094
12695,139,Democratic_Party_(United_States),L:party,Caroline_Bright,,R:birthPlace,Vermont,2,0.0322224600938,359704,0.110344975914,0.00671615455453,363.820862667,0.366469954821,1.20397280433,3095.66666667
12696,139,Democratic_Party_(United_States),L:party,Patrick_Leahy,,R:birthPlace,Vermont,2,0.0365500210005,359704,0.110977251221,0.00700805727804,369.3594,0.31446431861,1.20397280433,3336.66666667
12697,139,Democratic_Party_(United_States),L:party,Ellery_Albee_Hibbard,,R:birthPlace,Vermont,2,0.0321387404954,359704,0.110344975914,0.00671615455453,363.926816667,0.366469954821,1.20397280433,3094
12698,139,Democratic_Party_(United_States),L:party,Gaye_Symington,,R:region,Vermont,2,0.0317517808802,47892,0.110344975914,0.00671615455453,363.999136,0.369653078006,2.52572864431,3095.33333333
12699,139,Democratic_Party_(United_States),L:party,Steven_Howard_(politician),,R:region,Vermont,2,0.0333454841654,47892,0.110344975914,0.00671615455453,363.966590333,0.369653078006,2.52572864431,3094
12700,139,Democratic_Party_(United_States),L:party,Joseph_H._Allen,,R:birthPlace,Vermont,2,0.0257368783036,359704,0.110344975914,0.00671615455453,363.829876667,0.366469954821,1.20397280433,3094.33333333
12701,139,Democratic_Party_(United_States),L:party,Lucius_Benedict_Peck,,R:birthPlace,Vermont,2,0.033487200499,359704,0.110344975914,0.00671615455453,363.929028333,0.366469954821,1.20397280433,3094
12702,139,Democratic_Party_(United_States),L:party,Edmund_Burke_(congressman),,R:birthPlace,Vermont,2,0.0310654253397,359704,0.110344975914,0.00671615455453,363.936530667,0.366469954821,1.20397280433,3093.66666667
12703,139,Democratic_Party_(United_States),L:party,"Thomas_Bartlett,_Jr.",,R:deathPlace,Vermont,2,0.0337025611373,119444.5,0.110344975914,0.00914029696724,363.8482,0.305477673871,2.52572864431,3094
12704,139,Democratic_Party_(United_States),L:party,"Thomas_Bartlett,_Jr.",,R:birthPlace,Vermont,2,0.0337025611373,359704,0.110344975914,0.00914029696724,363.8482,0.31446431861,1.20397280433,3094
12705,139,Democratic_Party_(United_States),L:party,Melvin_Baldwin,,R:birthPlace,Vermont,2,0.0328153585039,359704,0.110344975914,0.00671615455453,363.940858333,0.366469954821,1.20397280433,3094.66666667
12706,139,Democratic_Party_(United_States),L:party,Mark_Skinner,,R:deathPlace,Vermont,2,0.0288292260143,119444.5,0.110344975914,0.00671615455453,363.854995667,0.386607060262,2.52572864431,3094.66666667
12707,139,Democratic_Party_(United_States),L:party,Ron_Squires,,R:residence,Vermont,2,0.0327638137969,33574,0.110344975914,0.00671615455453,363.811169333,0.403675300051,3.21887582487,3093.66666667
12708,139,United_States_Senate,L:occupation,Ralph_Flanders,,R:birthPlace,Vermont,2,0.051902282955,417337.5,0.0546741187423,0.0126453885008,298.156763333,0.510599677032,3.91202300543,2218.33333333
297186,143,Greece,R:currency,Euro,,L:currency,European_Union,2,0.0616396893815,602,0.0890689392463,0.000699999512996,850.876,0.799678838853,1.79175946923,7453
297187,143,Greece,R:timeZone,Eastern_European_Time,,L:timeZone,European_Union,2,0.0742838656587,237722,0.0825078531193,0.000699999512996,1034.677,0.865900681075,2.48490664979,6045.33333333
297188,143,Greece,L:country,Spanish–Italian_Amphibious_Battlegroup,,R:country,European_Union,2,0.071258074498,634426,0.0676347452414,0.0115040595674,727.484916333,0.457256741386,1.23214368129,5996.33333333
297189,143,Greece,L:headquarter,European_Centre_for_the_Development_of_Vocational_Training,,R:jurisdiction,European_Union,2,0.0603965704304,6192.5,0.0676347452414,0.0174696809708,727.632856667,0.312078429303,2.48490664979,6005
297190,143,Greece,L:headquarter,European_Union_Agency_for_Network_and_Information_Security,,R:jurisdiction,European_Union,2,0.078155583055,6192.5,0.0676347452414,0.0174696809708,1090.79,0.312078429303,2.48490664979,6007
297191,143,Greece,L:location,European_Centre_for_the_Development_of_Vocational_Training,,R:jurisdiction,European_Union,2,0.0603965704304,84987,0.0676347452414,0.0174696809708,727.632856667,0.310663999002,2.48490664979,6005
297192,143,Greece,L:location,European_Union_Agency_for_Network_and_Information_Security,,R:jurisdiction,European_Union,2,0.078155583055,84987,0.0676347452414,0.0174696809708,1090.79,0.310663999002,2.48490664979,6007
297193,143,Greece,L:country,Balkan_Battlegroup,,R:country,European_Union,2,0.0763440908031,634426,0.0676347452414,0.0115040595674,727.403372333,0.457256741386,1.23214368129,5999.66666667
297194,143,Greece,L:location,Hellenic_Australian_Business_Council,,R:regionServed,European_Union,2,0.0719088909107,86564,0.0676347452414,0.0174696809708,727.265524667,0.308675477755,3.17805383035,5996.33333333
297195,143,Greece,L:regionServed,Hellenic_Australian_Business_Council,,R:regionServed,European_Union,2,0.0719088909107,6280,0.0676347452414,0.0174696809708,727.265524667,0.367915661764,1.79175946923,5996.33333333
297196,143,Greece,R:currency,Euro,,L:currency,Netherlands,2,0.0568755000302,602,0.0900694104371,0.00563972940975,994.186,0.799678838853,1.79175946923,8075.33333333
297197,143,Greece,R:governmentType,Unitary_state,,L:governmentType,Netherlands,2,0.048389842825,7299,0.0836884893455,0.00563972940975,935.873666667,0.993194425242,3.17805383035,7206.66666667
297198,143,Greece,L:country,Alcuin_Schulten,,R:country,Netherlands,2,0.0634107891177,634426,0.0686352164323,0.0186682430362,870.569702333,0.447129238809,1.23214368129,6619.33333333
297199,143,Greece,L:country,Eurosport_2,,R:country,Netherlands,2,0.0630855684371,634426,0.0686352164323,0.0316967566627,871.45055,0.266353317795,1.23214368129,6635.33333333
297200,143,Greece,L:country,Eurosport_2,,R:locationCountry,Netherlands,2,0.0630855684371,324538.5,0.0686352164323,0.0316967566627,871.45055,0.336576070541,3.17805383035,6635.33333333
297201,143,Greece,L:hometown,Nikos_Vertis,,R:birthPlace,Netherlands,2,0.0628039894288,365533,0.0686352164323,0.0186682430362,870.680527,0.517049390262,3.17805383035,6649.33333333
297202,143,Greece,L:locationCountry,Eurosport_2,,R:country,Netherlands,2,0.0630855684371,324538.5,0.0686352164323,0.0316967566627,871.45055,0.310461190871,3.17805383035,6635.33333333
297203,143,Greece,L:locationCountry,Eurosport_2,,R:locationCountry,Netherlands,2,0.0630855684371,14651,0.0686352164323,0.0316967566627,871.45055,0.380683943617,3.17805383035,6635.33333333
297204,143,Greece,L:regionServed,Visa_Inc.,,R:regionServed,Netherlands,2,0.0579228325957,6280,0.0686352164323,0.0186682430362,881.008466667,0.481333271782,1.79175946923,7073.66666667
297205,143,Greece,L:regionServed,Trans-European_Division_of_Seventh-day_Adventists,,R:regionServed,Netherlands,2,0.0613587118585,6280,0.0686352164323,0.0186682430362,870.733366,0.481333271782,1.79175946923,6619.66666667
297206,143,Greece,L:regionServed,Trustpilot,,R:regionServed,Netherlands,2,0.0627914366295,6280,0.0686352164323,0.0186682430362,870.606293667,0.481333271782,1.79175946923,6694.66666667
297207,143,Greece,L:regionServed,VimpelCom_Ltd.,,R:locationCountry,Netherlands,2,0.0568699316106,10465.5,0.0686352164323,0.0186682430362,870.853836667,0.360500855012,2.48490664979,6695
297208,143,Greece,L:populationPlace,Australian_diaspora,,R:populationPlace,Netherlands,2,0.0600666717985,3312,0.0686352164323,0.0186682430362,871.11904,0.682391497999,2.48490664979,6635.66666667
297209,143,Coal,L:industry,National_Company_of_Lignite_Oltenia,,R:product,Lignite,2,0.185713379045,23289.5,0.0186126064837,3.05E-13,99.913459,0.979433593899,2.48490664979,1555
297210,143,Coal,L:industry,RB_Kolubara,,R:product,Lignite,2,0.193437923023,23289.5,0.0186126064837,4.93E-13,99.99984,0.972096458105,2.48490664979,1556.33333333
297211,143,Coal,L:product,RB_Kolubara,,R:product,Lignite,2,0.193437923023,16331,0.0186126064837,4.93E-13,99.99984,0.928073643341,3.17805383035,1556.33333333
297212,143,European_Union,L:ethnicGroup,,,,Netherlands,1,0.0463666423509,470,0.107850587511,0.00867379942223,1323.445,0.241900575495,3.17805383035,11484.5
297213,143,European_Union,R:currency,Euro,,L:currency,Netherlands,2,0.0426137246516,602,0.0972121548193,0.00578253294815,1005.97933333,0.819183200776,1.79175946923,9113
297214,143,European_Union,R:currency,ISO_4217,,L:currency,Netherlands,2,0.0423092719188,602,0.088719968033,0.00578253294815,901.7798,0.819183200776,1.79175946923,8405.66666667
297215,143,European_Union,R:timeZone,Central_European_Time,,L:timeZone,Netherlands,2,0.0402735384741,237722,0.088719968033,0.00578253294815,1291.23333333,0.823661623462,2.48490664979,7969
297216,143,European_Union,L:country,EUBG_2014_II,,R:country,Netherlands,2,0.0451979362906,634426,0.0757779608144,0.0176838638223,882.418249667,0.457763116515,1.23214368129,7657.66666667
297217,143,European_Union,L:nationality,Hans_Blom,,R:nationality,Netherlands,2,0.0420102123604,97340,0.0757779608144,0.0176838638223,882.409711333,0.825831720237,3.17805383035,7658.33333333
297218,143,European_Union,L:jurisdiction,Europol,,R:headquarter,Netherlands,2,0.0408442148355,6192.5,0.0757779608144,0.0247467560454,886.5257,0.319454028349,2.48490664979,7726.66666667
297219,143,European_Union,L:regionServed,EU_Secondary_Ticketing_Association,,R:headquarter,Netherlands,2,0.0485713702445,7769.5,0.0757779608144,0.0176838638223,882.393447,0.333307642174,3.17805383035,7660
297220,143,European_Union,L:jurisdiction,Eurojust,,R:headquarter,Netherlands,2,0.0429159727184,6192.5,0.0757779608144,0.0247467560454,884.13927,0.319454028349,2.48490664979,7678.66666667
297221,143,European_Union,L:jurisdiction,Europol,,R:location,Netherlands,2,0.0408442148355,84987,0.0757779608144,0.0247467560454,886.5257,0.302057833626,2.48490664979,7726.66666667
297222,143,European_Union,L:jurisdiction,Eurojust,,R:location,Netherlands,2,0.0429159727184,84987,0.0757779608144,0.0247467560454,884.13927,0.302057833626,2.48490664979,7678.66666667
297223,143,European_Union,L:location,Kiwa_NV,,R:location,Netherlands,2,0.0463666423509,166848,0.0757779608144,0.0176838638223,1323.445,0.563703832113,3.17805383035,7656.33333333
297224,143,European_Union,L:regionServed,General_Logistics_Systems,,R:locationCountry,Netherlands,2,0.0458780542701,10465.5,0.0757779608144,0.0176838638223,882.44557,0.348882465694,2.48490664979,7680
297225,143,European_Union,L:populationPlace,Bukharan_Jews,,R:populationPlace,Netherlands,2,0.0349632041001,3312,0.0757779608144,0.0176838638223,886.4271,0.682391497999,2.48490664979,7758.66666667
297226,143,European_Union,L:country,Battlegroup_107,,R:country,Netherlands,2,0.0404963247695,634426,0.0757779608144,0.0176838638223,882.468384333,0.457763116515,1.23214368129,7659.66666667
297227,143,European_Union,L:country,UK–Dutch_Battlegroup,,R:country,Netherlands,2,0.041626619096,634426,0.0757779608144,0.0176838638223,882.468384333,0.457763116515,1.23214368129,7656.33333333
297228,143,European_Union,R:leader,Martin_Schulz,,L:leader,European_Parliament,2,0.058185908961,3663,0.0563914161129,0.000431086331215,453.684163333,1.25456137925,3.17805383035,4147
297229,143,European_Union,L:regionServed,MEPs_Against_Cancer,,R:affiliation,European_Parliament,2,0.0635340252246,6468,0.044950073288,0.00538072361425,452.050810667,0.846191761385,3.17805383035,4008.33333333
297233,145,Mediterranean_Sea,R:nearestCity,Tripoli,,R:country,Libya,2,0.0734766762732,321629.5,0.0928237345785,0.000132503754801,268.4723,0.816656349618,2.61495977804,2629.33333333
297234,145,Mediterranean_Sea,R:nearestCity,Tripoli,,L:capital,Libya,2,0.0734766762732,5140.5,0.0928237345785,0.000132503754801,268.4723,1.32588409963,3.02042488614,2629.33333333
297235,145,Mediterranean_Sea,L:place,Operation_Unified_Protector,,R:place,Libya,2,0.0785495273087,10039,0.0544600457226,0.000363666115211,248.321436667,0.811158115421,2.32727770558,2392.33333333
297236,145,Mediterranean_Sea,R:nearestCity,İzmir,,R:country,Turkey,2,0.0416316270883,321629.5,0.0609375782397,0.00211856554612,623.132,1.06605307324,2.61495977804,4547.66666667
297237,145,Mediterranean_Sea,R:inflow,Sea_of_Marmara,,R:country,Turkey,2,0.0369272159263,318352.5,0.0609375782397,0.00211856554612,611.6387,0.892017977606,3.7135720667,4641.66666667
297238,145,Mediterranean_Sea,L:riverMouth,Seyhan_River,,R:country,Turkey,2,0.0272263178555,324874.5,0.0576031619051,0.00658685899847,598.781696667,0.284888536385,3.7135720667,4549.33333333
297239,145,Mediterranean_Sea,L:riverMouth,Seyhan_River,,R:mouthCountry,Turkey,2,0.0272263178555,7991.5,0.0576031619051,0.00658685899847,598.781696667,0.339219600906,3.7135720667,4549.33333333
297240,145,Mediterranean_Sea,L:riverMouth,Seyhan_River,,R:sourceCountry,Turkey,2,0.0272263178555,10620.5,0.0576031619051,0.00658685899847,598.781696667,0.30142686793,3.02042488614,4549.33333333
297241,145,Mediterranean_Sea,L:riverMouth,Göksu,,R:sourceCountry,Turkey,2,0.0382984588831,10620.5,0.0576031619051,0.00234972790653,599.750676667,0.52268181098,3.02042488614,4547.66666667
297242,145,Mediterranean_Sea,L:outflow,Aegean_Sea,,R:country,Turkey,2,0.039026272441,318708,0.0576031619051,0.00421477298836,634.722666667,0.41992779199,2.61495977804,4881.66666667
297243,145,Mediterranean_Sea,L:isPartOf,Kalkan,,R:country,Turkey,2,0.0540996508128,484225.5,0.0576031619051,0.00234972790653,598.331566667,0.487509334601,1.92181259748,4559.33333333
297244,145,Mediterranean_Sea,L:isPartOf,Bozyazı,,R:country,Turkey,2,0.0422697593062,484225.5,0.0576031619051,0.00234972790653,598.347933333,0.487509334601,1.92181259748,4547.66666667
297245,145,Mediterranean_Sea,L:isPartOf,Finike,,R:country,Turkey,2,0.0485419548848,484225.5,0.0576031619051,0.00234972790653,598.866706667,0.487509334601,1.92181259748,4555
297246,145,Mediterranean_Sea,L:isPartOf,Korkuteli,,R:country,Turkey,2,0.0390639211136,484225.5,0.0576031619051,0.00234972790653,598.819856667,0.487509334601,1.92181259748,4549.66666667
297247,145,Mediterranean_Sea,L:isPartOf,Kumluca,,R:country,Turkey,2,0.0376416710277,484225.5,0.0576031619051,0.00234972790653,598.587593333,0.487509334601,1.92181259748,4551
297248,145,Mediterranean_Sea,L:isPartOf,Serik,,R:country,Turkey,2,0.0423618821949,484225.5,0.0576031619051,0.00234972790653,598.6492,0.487509334601,1.92181259748,4550.66666667
297249,145,Mediterranean_Sea,L:location,Gemiler_Island,,R:country,Turkey,2,0.0424405294318,400637,0.0576031619051,0.00234972790653,598.225993667,0.419306161513,3.02042488614,4550.66666667
297250,145,Mediterranean_Sea,R:nearestCity,Athens,,R:country,Greece,2,0.0334324638022,321629.5,0.073293517889,0.00186504508194,685.809333333,0.82280979066,2.61495977804,4374.66666667
297251,145,Mediterranean_Sea,R:nearestCity,Athens,,L:capital,Greece,2,0.0334324638022,5140.5,0.073293517889,0.00186504508194,685.809333333,0.949271567426,3.02042488614,4374.66666667
297252,145,Mediterranean_Sea,L:spokenIn,Greek_language,,L:language,Greece,2,0.0417383958399,37224,0.0699591015545,0.000231162360525,887.009,0.879474110456,3.7135720667,4320.33333333
297253,145,Mediterranean_Sea,L:inflow,Messenian_Gulf,,R:country,Greece,2,0.0435183414498,318352.5,0.0599606046335,0.00209620744236,525.40615,0.420778052162,3.7135720667,3347
297254,145,Mediterranean_Sea,L:place,Battle_of_Cape_Matapan,,R:place,Greece,2,0.0495698510559,10039,0.0599606046335,0.00209620744236,526.551543333,0.756478024674,2.32727770558,3399
297255,145,Mediterranean_Sea,L:outflow,Aegean_Sea,,R:country,Greece,2,0.0381721409028,318708,0.0599606046335,0.00421477298832,561.326,0.4057481235,2.61495977804,3680.66666667
297256,145,Mediterranean_Sea,L:outflow,Ionian_Sea,,R:country,Greece,2,0.0428771292766,318708,0.0599606046335,0.00209620744236,539.3504,0.452162429846,2.61495977804,3441.33333333
297257,145,Mediterranean_Sea,L:location,Pontikonisi,,R:country,Greece,2,0.0406309309211,400637,0.0599606046335,0.00209620744236,524.727793333,0.405126493023,3.02042488614,3368.66666667
297258,145,Libya,L:spokenIn,Domari_language,,R:spokenIn,Turkey,2,0.0808459792976,7703,0.0817206375027,0.00225106930087,512.48698,0.54396667882,1.31567679391,5202.33333333
297259,145,Libya,L:place,Spillover_of_the_Syrian_Civil_War,,R:place,Turkey,2,0.063862654288,10039,0.0817206375027,0.00225106930087,511.421563333,0.775195440353,2.32727770558,5376.66666667
297260,145,Libya,L:populationPlace,Greek_Muslims,,R:populationPlace,Turkey,2,0.0631414955557,3312,0.0817206375027,0.0041161143827,513.601093333,0.534664059449,0.880358722648,5225
297261,145,Libya,L:populationPlace,Dom_people,,R:populationPlace,Turkey,2,0.0687697110445,3312,0.0817206375027,0.00225106930087,512.601326667,0.534664059449,0.880358722648,5251.33333333
297262,145,Libya,L:deathPlace,Mas'ud_Hai_Rakkah,,R:birthPlace,Turkey,2,0.063310566732,440352.5,0.0817206375027,0.00225106930087,511.107769333,0.334048057842,2.32727770558,5180
297263,145,Libya,L:populationPlace,Saudis,,R:populationPlace,Turkey,2,0.0612088329437,3312,0.0817206375027,0.00225106930087,511.645333333,0.534664059449,0.880358722648,5209.66666667
297264,145,Libya,L:populationPlace,Khafaja,,R:populationPlace,Turkey,2,0.0660955395619,3312,0.0817206375027,0.00225106930087,511.045805667,0.534664059449,0.880358722648,5182
297265,145,Libya,L:populationPlace,Greek_Muslims,,R:populationPlace,Greece,2,0.0627444478497,3312,0.0840780802311,0.00411611438265,440.204426667,0.534419361939,0.880358722648,4024
297266,145,Libya,L:spokenIn,Mediterranean_Lingua_Franca,,R:spokenIn,Greece,2,0.0678216023439,7703,0.0840780802311,0.00199754883669,440.244453333,0.548218633057,1.31567679391,4061
297267,145,Libya,L:populationPlace,Egyptian_diaspora,,R:populationPlace,Greece,2,0.0633336187916,3312,0.0840780802311,0.00199754883669,437.721065,0.534419361939,0.880358722648,3987.33333333
297268,145,Turkey,R:language,Turkish_language,,R:spokenIn,Greece,2,0.0260194456627,37224,0.106157333305,0.00398361062801,891.259333333,0.644769112801,3.7135720667,6647.66666667
297269,145,Turkey,R:officialLanguage,Turkish_language,,R:spokenIn,Greece,2,0.0260194456627,4022,0.106157333305,0.00398361062801,891.259333333,0.701212236988,3.7135720667,6647.66666667
297270,145,Turkey,R:governmentType,Unitary_state,,L:governmentType,Greece,2,0.0229261931365,7299,0.10668776178,2.15E-13,854.167,1.25537510735,3.7135720667,6747.66666667
297271,145,Turkey,R:timeZone,Eastern_European_Time,,L:timeZone,Greece,2,0.0310849143418,237722,0.10668776178,2.15E-13,1096.28033333,1.25537510735,3.7135720667,6208.66666667
297272,145,Turkey,L:birthPlace,Pavlos_Karolidis,,R:deathPlace,Greece,2,0.0245875233113,440352.5,0.0872211964136,0.00398361062801,788.878647333,0.348924839635,1.31567679391,6163
297273,145,Turkey,L:birthPlace,Çorlulu_Ali_Pasha,,R:deathPlace,Greece,2,0.0238022706806,440352.5,0.0872211964136,0.00398361062801,788.994674333,0.348924839635,1.31567679391,6159.66666667
297274,145,Turkey,L:birthPlace,Ayaşlı_Ismail_Pasha,,R:deathPlace,Greece,2,0.023516586451,440352.5,0.0872211964136,0.00398361062801,789.233966667,0.348924839635,1.31567679391,6159.66666667
297275,145,Turkey,L:nationality,Cavit_Çağlar,,R:birthPlace,Greece,2,0.0228203821259,388976,0.0872211964136,0.00398361062801,789.017333,0.372284491996,3.7135720667,6159.66666667
297276,145,Turkey,L:birthPlace,Alekos_Sofianidis,,R:deathPlace,Greece,2,0.0242532839188,440352.5,0.0872211964136,0.00398361062801,788.910118,0.348924839635,1.31567679391,6160
297277,145,Turkey,L:birthPlace,Stavros_Xenidis,,R:deathPlace,Greece,2,0.0248387184682,440352.5,0.0872211964136,0.00398361062801,788.876331333,0.348924839635,1.31567679391,6160
297278,145,Turkey,L:deathPlace,Mehmet_Esat_Bülkat,,R:birthPlace,Greece,2,0.0234252382653,440352.5,0.0872211964136,0.00398361062801,789.29645,0.299887505542,2.32727770558,6159.66666667
297279,145,Turkey,L:birthPlace,Zannino,,R:deathPlace,Greece,2,0.0240248690822,440352.5,0.0872211964136,0.00398361062801,788.864964,0.348924839635,1.31567679391,6162.66666667
297280,145,Turkey,L:birthPlace,Andreas_Krystallis,,R:deathPlace,Greece,2,0.024355651828,440352.5,0.0872211964136,0.00398361062801,788.848440333,0.348924839635,1.31567679391,6160
297281,145,Turkey,L:birthPlace,Andreas_Syngros,,R:deathPlace,Greece,2,0.0228465950378,440352.5,0.0872211964136,0.00398361062801,789.034505,0.348924839635,1.31567679391,6161.66666667
297282,145,Turkey,L:birthPlace,Marika_Nezer,,R:deathPlace,Greece,2,0.0207664501891,440352.5,0.0872211964136,0.00398361062801,789.111264333,0.348924839635,1.31567679391,6160.66666667
297283,145,Turkey,L:birthPlace,Sofia_Vembo,,R:deathPlace,Greece,2,0.0354597015026,440352.5,0.0872211964136,0.00584865570984,789.083156667,0.346793484533,1.31567679391,6165
297284,145,Turkey,L:birthPlace,Kleanthis_Maropoulos,,R:deathPlace,Greece,2,0.020896695402,440352.5,0.0872211964136,0.00398361062801,788.877235333,0.348924839635,1.31567679391,6161.66666667
297285,145,Turkey,L:deathPlace,Necati_Cumalı,,R:birthPlace,Greece,2,0.0350409356809,440352.5,0.0872211964136,0.00398361062801,788.984472,0.299887505542,2.32727770558,6159.66666667
297286,145,Turkey,L:deathPlace,Athenagoras_I_of_Constantinople,,R:birthPlace,Greece,2,0.0268720099686,440352.5,0.0872211964136,0.00398361062801,791.100786667,0.299887505542,2.32727770558,6166.66666667
297287,145,Turkey,L:birthPlace,Sofia_Vembo,,R:birthPlace,Greece,2,0.0354597015026,680612,0.0872211964136,0.00584865570984,789.083156667,0.407733308511,3.7135720667,6165
297288,145,Turkey,L:country,Lokma,,R:country,Greece,2,0.0223540166393,634426,0.0872211964136,0.00398361062801,789.402506667,0.51448117937,2.10413415427,6195.33333333
297289,145,Turkey,L:broadcastArea,Animal_Planet_Europe,,R:broadcastArea,Greece,2,0.022133572339,6257,0.0872211964136,0.00398361062801,789.017336,1.01661357378,3.7135720667,6161.66666667
297290,145,Turkey,L:country,Mediterranean_Basketball_Association,,R:country,Greece,2,0.0247422023323,634426,0.0872211964136,0.00398361062801,788.889166667,0.51448117937,2.10413415427,6159.66666667
297291,145,Turkey,L:country,Eurosport_2,,R:country,Greece,2,0.0233450880244,634426,0.0872211964136,0.00796722125581,789.743883333,0.290816974506,2.10413415427,6176.33333333
297292,145,Turkey,L:locationCountry,Eurosport_2,,R:country,Greece,2,0.0233450880244,324538.5,0.0872211964136,0.00796722125581,789.743883333,0.395099924966,3.7135720667,6176.33333333
297293,145,Turkey,L:country,Aegean_Islands,,R:country,Greece,2,0.0259471199118,634426,0.0872211964136,0.00398361062801,796.889133333,0.51448117937,2.10413415427,6209.33333333
297294,145,Turkey,L:country,Aegean_Sea,,R:country,Greece,2,0.0274804967204,634426,0.0872211964136,0.00421477298842,825.523666667,0.36537170946,2.10413415427,6493.66666667
297295,145,Turkey,L:county,European_route_E90,,R:county,Greece,2,0.0244751382168,14645,0.0872211964136,0.00398361062801,790.028933333,0.874721205639,3.02042488614,6163.33333333
297296,145,Turkey,L:county,Pan-European_Corridor_IV,,R:county,Greece,2,0.0241265302443,14645,0.0872211964136,0.00398361062801,789.062711,0.874721205639,3.02042488614,6161.33333333
297297,145,Turkey,L:country,Eurosport_2,,R:locationCountry,Greece,2,0.0233450880244,324538.5,0.0872211964136,0.00796722125581,789.743883333,0.410180580375,3.7135720667,6176.33333333
297298,145,Turkey,L:locationCountry,Eurosport_2,,R:locationCountry,Greece,2,0.0233450880244,14651,0.0872211964136,0.00796722125581,789.743883333,0.514463530836,3.7135720667,6176.33333333
297299,145,Turkey,L:location,87_Minutes_Project,,R:location,Greece,2,0.0399674734013,166848,0.0872211964136,0.00398361062801,788.846666667,0.864253146844,3.7135720667,6159.66666667
297300,145,Turkey,L:hometown,Dreamtone_&_Iris_Mavraki's_Neverland,,R:hometown,Greece,2,0.0218762575616,50454,0.0872211964136,0.00398361062801,788.928024,1.01661357378,3.7135720667,6163
297301,145,Turkey,L:populationPlace,Bulgarians,,R:populationPlace,Greece,2,0.0310986191343,3312,0.0872211964136,0.00398361062801,807.6985,0.473979076958,0.880358722648,6280
297302,145,Turkey,L:region,Yaprak_(food),,R:region,Greece,2,0.0253217541981,56988,0.0872211964136,0.00398361062801,788.913128333,0.533081788134,1.22866541692,6175.66666667
297303,145,Turkey,L:region,Stuffed_sorrel,,R:region,Greece,2,0.027166154176,56988,0.0872211964136,0.00398361062801,788.846666667,0.533081788134,1.22866541692,6160
297304,145,Turkey,L:country,Muhallebi,,R:region,Greece,2,0.0264030836678,345707,0.0872211964136,0.00610217617398,789.128345,0.306811697479,3.7135720667,6173.66666667
297305,145,Turkey,L:region,Muhallebi,,R:region,Greece,2,0.0264030836678,56988,0.0872211964136,0.00610217617398,789.128345,0.378178633848,1.22866541692,6173.66666667
297306,145,Turkey,L:sourceCountry,Arda_(Maritsa),,R:sourceCountry,Greece,2,0.0305862117809,5918,0.0872211964136,0.00398361062801,789.698096667,0.793218147224,3.02042488614,6162
297307,145,Turkey,L:sourceCountry,Maritsa,,R:sourceCountry,Greece,2,0.0279007678778,5918,0.0872211964136,0.00398361062801,793.3855,0.793218147224,3.02042488614,6188
297308,145,Turkey,L:region,Stuffed_mallow,,R:region,Greece,2,0.0272501404595,56988,0.0872211964136,0.00398361062801,788.846666667,0.533081788134,1.22866541692,6160
297309,145,Turkey,L:populationPlace,Pomaks,,R:populationPlace,Greece,2,0.0423513191073,3312,0.0872211964136,0.00398361062801,791.968256667,0.473979076958,0.880358722648,6205.33333333
297310,145,Turkey,L:region,Colocasia_with_lamb,,R:region,Greece,2,0.0241336894929,56988,0.0872211964136,0.00398361062801,788.853259333,0.533081788134,1.22866541692,6161
297311,145,Turkey,L:place,Evros_River_incident,,R:place,Greece,2,0.0263216685136,10039,0.0872211964136,0.00398361062801,1183.195,0.720515349606,2.32727770558,6159.66666667
297312,145,Turkey,L:regionServed,The_Pepsi_Bottling_Group,,R:regionServed,Greece,2,0.0187165454684,6280,0.0872211964136,0.00398361062801,789.327886667,0.874721205639,3.02042488614,6181
297313,145,Turkey,L:routeStart,Istanbul-Pythio_railway,,R:routeEnd,Greece,2,0.0271369865043,17318.5,0.0872211964136,0.00398361062801,788.990388333,0.591566458852,3.7135720667,6160
297314,145,Turkey,L:populationPlace,Cham_Albanians,,R:populationPlace,Greece,2,0.0224377573371,3312,0.0872211964136,0.00398361062801,790.322163333,0.473979076958,0.880358722648,6171.33333333
297315,145,Turkey,L:populationPlace,Pontic_Greeks,,R:populationPlace,Greece,2,0.0199385059123,3312,0.0872211964136,0.00398361062801,794.979033333,0.473979076958,0.880358722648,6253.33333333
297316,145,Turkey,L:populationPlace,Albanians,,R:populationPlace,Greece,2,0.0239466145872,3312,0.0872211964136,0.00398361062801,815.0414,0.473979076958,0.880358722648,6427.66666667
297317,145,Turkey,L:populationPlace,Romani_people,,R:populationPlace,Greece,2,0.054850252421,3312,0.0872211964136,0.00398361062801,857.268,0.473979076958,0.880358722648,8152
297318,145,Turkey,L:populationPlace,Greek_Muslims,,R:populationPlace,Greece,2,0.0347777896537,3312,0.0872211964136,0.00411611438278,791.444093333,0.473979076958,0.880358722648,6204.66666667
297319,145,Turkey,L:populationPlace,South_Slavs,,R:populationPlace,Greece,2,0.0272384012601,3312,0.0872211964136,0.00398361062801,800.158466667,0.473979076958,0.880358722648,6260.33333333
297320,145,Turkey,L:region,Mallow_with_lamb,,R:region,Greece,2,0.035962045853,56988,0.0872211964136,0.00398361062801,788.853259333,0.533081788134,1.22866541692,6161
297321,145,Turkey,L:regionServed,Discovery_Networks_CEEMEA,,R:regionServed,Greece,2,0.018081571579,6280,0.0872211964136,0.00398361062801,788.893059333,0.874721205639,3.02042488614,6167.33333333
297322,145,Turkey,L:region,Stuffed_artichoke,,R:region,Greece,2,0.0197442766739,56988,0.0872211964136,0.00398361062801,788.846666667,0.533081788134,1.22866541692,6161
297323,145,Turkey,L:nationality,Assia_Abdullah,,R:nationality,Greece,2,0.0233715096949,97340,0.0872211964136,0.00796722125581,788.855429667,0.447828661614,3.7135720667,6161
297324,145,Turkey,L:nationality,Assia_Abdullah,,R:stateOfOrigin,Greece,2,0.0233715096949,62215,0.0872211964136,0.00796722125581,788.855429667,0.480830634163,3.7135720667,6161
297325,145,Turkey,L:region,Blessed_thistle_with_lamb,,R:region,Greece,2,0.0329949605928,56988,0.0872211964136,0.00398361062801,788.918666333,0.533081788134,1.22866541692,6162.66666667
297326,145,Turkey,L:stateOfOrigin,Assia_Abdullah,,R:nationality,Greece,2,0.0233715096949,62215,0.0872211964136,0.00796722125581,788.855429667,0.481461558287,3.7135720667,6161
297327,145,Turkey,L:stateOfOrigin,Assia_Abdullah,,R:stateOfOrigin,Greece,2,0.0233715096949,27090,0.0872211964136,0.00796722125581,788.855429667,0.514463530836,3.7135720667,6161
297328,145,Turkey,L:birthPlace,Savas_Dimopoulos,,R:nationality,Greece,2,0.0237967170371,388976,0.0872211964136,0.00398361062801,788.986369,0.395414339603,3.7135720667,6176.33333333
297329,145,Turkey,L:populationPlace,Megleno-Romanians,,R:populationPlace,Greece,2,0.0491654187637,3312,0.0872211964136,0.00398361062801,789.98631,0.473979076958,0.880358722648,6169
297330,145,Turkey,L:deathPlace,John_the_Russian,,R:majorShrine,Greece,2,0.0258491712872,100473,0.0872211964136,0.00398361062801,788.916855,0.447052627417,3.7135720667,6161.66666667
297331,145,Turkey,L:populationPlace,West_Slavs,,R:populationPlace,Greece,2,0.0180492005659,3312,0.0872211964136,0.00398361062801,796.204333333,0.473979076958,0.880358722648,6232
297332,145,Turkey,L:region,Fennel_with_lamb,,R:region,Greece,2,0.0355653313833,56988,0.0872211964136,0.00398361062801,788.853259333,0.533081788134,1.22866541692,6160.33333333
297333,145,Turkey,L:populationPlace,Romaniote_Jews,,R:populationPlace,Greece,2,0.0455384011168,3312,0.0872211964136,0.00398361062801,791.929806667,0.473979076958,0.880358722648,6183.33333333
297334,145,Turkey,L:region,Corn_poppy_with_lamb,,R:region,Greece,2,0.0328630390876,56988,0.0872211964136,0.00398361062801,788.885164,0.533081788134,1.22866541692,6162
297335,145,Turkey,L:region,Stuffed_squid,,R:region,Greece,2,0.0239880142658,56988,0.0872211964136,0.00398361062801,788.846666667,0.533081788134,1.22866541692,6159.66666667
297336,145,Turkey,L:region,Sogan-dolma,,R:region,Greece,2,0.021380779629,56988,0.0872211964136,0.00398361062801,788.963428667,0.533081788134,1.22866541692,6171.33333333
297337,145,Turkey,L:spokenIn,Karamanli_Turkish,,R:spokenIn,Greece,2,0.019795227321,7703,0.0872211964136,0.00398361062801,789.620283333,0.532061206954,1.31567679391,6169
297338,145,Turkey,L:spokenIn,Megleno-Romanian_language,,R:spokenIn,Greece,2,0.0215791854389,7703,0.0872211964136,0.00398361062801,791.43705,0.532061206954,1.31567679391,6175.33333333
297339,145,Turkey,L:spokenIn,Balkan_Romani,,R:spokenIn,Greece,2,0.0249725888609,7703,0.0872211964136,0.00398361062801,789.459623333,0.532061206954,1.31567679391,6168
297340,145,Turkey,L:spokenIn,Judaeo-Spanish,,R:spokenIn,Greece,2,0.0270948058362,7703,0.0872211964136,0.00398361062801,800.2978,0.532061206954,1.31567679391,6278.33333333
297341,145,Turkey,L:spokenIn,Yevanic_language,,R:spokenIn,Greece,2,0.0223164845472,7703,0.0872211964136,0.00398361062801,790.998476667,0.532061206954,1.31567679391,6173.33333333
297342,145,Turkey,L:spokenIn,Aromanian_language,,R:spokenIn,Greece,2,0.022512263989,7703,0.0872211964136,0.00398361062801,793.839933333,0.532061206954,1.31567679391,6206
297343,145,Turkey,L:spokenIn,Bulgarian_language,,R:spokenIn,Greece,2,0.0202956954178,7703,0.0872211964136,0.00398361062801,826.667666667,0.532061206954,1.31567679391,6413.33333333
297344,145,Turkey,L:spokenIn,Turkish_language,,R:spokenIn,Greece,2,0.0260194456627,7703,0.106157333305,0.00398361062801,891.259333333,0.532061206954,1.31567679391,6647.66666667
297345,145,Turkey,L:spokenIn,Balkan_Gagauz_Turkish,,R:spokenIn,Greece,2,0.0231262243035,7703,0.0872211964136,0.00398361062801,790.386856667,0.532061206954,1.31567679391,6163
